{
  "ok": true,
  "mode": "end-user",
  "baseUrl": "https://us-central1-sap-content-server-ad957.cloudfunctions.net/api",
  "endpoints": {
    "health": "https://us-central1-sap-content-server-ad957.cloudfunctions.net/api/health",
    "metadata": "https://us-central1-sap-content-server-ad957.cloudfunctions.net/api/sap/metadata",
    "uploadRaw": "https://us-central1-sap-content-server-ad957.cloudfunctions.net/api/sap/content/raw"
  },
  "settings": {
    "nonInteractive": true,
    "dryRun": false
  },
  "generatedAt": "2026-02-17T17:22:24.259Z"
}
